Workbook

Sheet SUMMARY SHEET
B2: RUNNING COST SUMMARY SHEET
B4: PLANT FEED FLOW | D4: 300 | E4: M³/DAY | F4: WTT-BAN-0001 | G4: 46023
B6: S.NO. | C6: DESCRIPTION | D6: PHASE - 1 | E6: PHASE - 2 | F6: PHASE - 3 | G6: TOTAL
B7: 1 | C7: MEMBRANE REPLACEMENT COST | D7: ='PHASE-1'!F8 -> 0.0028125 | E7: ='PHASE-2(ADD-ON)'!F8 -> 0.0234375 | F7: ='PHASE-3(ADD-ON)'!F8 -> 0.029166667 | G7: =SUM(D7:F7) -> 0.055416667
B8: =B7+1 -> 2 | C8: CONSUMBLE COST | D8: 0 | E8: 0 | F8: ='PHASE-3(ADD-ON)'!F9 -> 0.01 | G8: =SUM(D8:F8) -> 0.01
B9: =B8+1 -> 3 | C9: CHEMICAL COST | D9: ='PHASE-1'!F12 -> 0 | E9: ='PHASE-2(ADD-ON)'!E61 -> 0 | F9: ='PHASE-3(ADD-ON)'!E56 -> 0 | G9: =SUM(D9:F9) -> 0
B10: =B9+1 -> 4 | C10: VARIABLE COST | D10: 0 | E10: ='PHASE-2(ADD-ON)'!E65 -> 0 | F10: 0 | G10: =SUM(D10:F10) -> 0
B11: =B10+1 -> 5 | C11: ENERGY COST | D11: ='PHASE-1'!D52 -> 0 | E11: ='PHASE-2(ADD-ON)'!E63 -> 0 | F11: ='PHASE-3(ADD-ON)'!E58 -> 0 | G11: =SUM(D11:F11) -> 0
B12: TOTAL COST (USD/M3 OF STP FEED) | D12: =SUM(D7:D11) -> 0.0028125 | E12: =SUM(E7:E11) -> 0.0234375 | F12: =SUM(F7:F11) -> 0.039166667 | G12: =SUM(G7:G11) -> 0.065416667
B13: PHASE WISE TOTAL COST (USD/M3 OF STP FEED) | D13: =D12 -> 0.0028125 | E13: =D12+E12 -> 0.02625 | F13: =D12+E12+F12 -> 0.065416667
B15: S.NO. | C15: ELECTRICAL LOAD DETAILS | D15: PHASE - 1 | E15: PHASE - 2 | F15: PHASE - 3 | G15: TOTAL
B16: 1 | C16: INSTALLED LOAD (kW) | D16: ='PHASE-1'!C18 -> 47 | E16: ='PHASE-2(ADD-ON)'!C19 -> 10 | F16: ='PHASE-3(ADD-ON)'!C23 -> 29 | G16: =SUM(D16:F16) -> 86
B17: =B16+1 -> 2 | C17: CONNECTED LOAD (kW) | D17: ='PHASE-1'!C19 -> 21.11 | E17: ='PHASE-2(ADD-ON)'!C20 -> 6 | F17: ='PHASE-3(ADD-ON)'!C24 -> 22 | G17: =SUM(D17:F17) -> 49.11

Sheet PHASE-1
B2: RUNNING COST SUMMARY (DURING PHASE-1)
B3: PLANT FEED FLOW | C3: ='SUMMARY SHEET'!D4 -> 300 | D3: M³/DAY | E3: ='SUMMARY SHEET'!F4 -> WTT-BAN-0001 | F3: ='SUMMARY SHEET'!G4 -> 46023 | G3: PRICE IN USD
B5: SEWAGE TREATMENT PLANT
B6: USD CONVERSION FACTOR (INR PER USD) | C6: 96 | E6: INR FOR 1 USD | G6: USD /M3 OF SEWAGE TREATMENT PLANT FEED
B7: FLOW | C7: USD /M3 OF STP FEED
B8: MEMBRANE REPLACEMENT COST | C8: WHICH INCLUDES DIFFUSER MEMBRANES | F8: =0.27/C6 -> 0.0028125 | G8: =F12+E14+F8 -> 0.0028125
B9: KINDLY PROVIDE THE VALUE IN GREEN CELL
B11: CHEMICAL CONSUMPTION | C11: Kg/Day | D11: PRICE (USD) / KG | E11: USD / Day | F11: USD /M3 OF STP FEED
B12: CATIONIC POLYMER (100% BASIS) | C12: 0.6 | E12: =C12*D12 -> 0 | F12: =SUM(E12:E12)/C3 -> 0
B13: ELECTRIC LOAD COST | C13: kW /M3 | D13: USD / kW | E13: USD /M3 OF STP FEED
B14: Energy Cost (kW /M3) | C14: 1.72 | E14: =C14*D14 -> 0
B17: LOAD | C17: kW
B18: INSTALLED LOAD | C18: 47
B19: ABSORBED LOAD | C19: 21.11
B21: Notes: 1. Chemical cost doesn’t include Acid consumption for Neutralization as the pH will vary at STP inlet from time to time.
B22: Operating cost doesn’t include the following:
B23: Chemical cost doesn't include Influent transfer until Proposed System, Permeate & Reject transfer, Evaporator system, Major Repair & Maintenance, Compressed air & Raw water for complete plant, Transport, Taxes & Duties for Chemical & Replacement cost, Cost for Loaders, Cleaners, Vehicles & its consumables, Manpower Cost.
D52: =E14 -> 0

Sheet PHASE-2(ADD-ON)
B2: RUNNING COST SUMMARY (ADDITIONAL DURING PHASE-2)
B3: PLANT FEED FLOW | C3: ='PHASE-1'!C3 -> 300 | D3: M³/DAY | E3: ='PHASE-1'!E3 -> WTT-BAN-0001 | F3: ='PHASE-1'!F3 -> 46023 | G3: PRICE IN USD
B5: SEWAGE TREATMENT PLANT
B6: USD CONVERSION FACTOR (INR PER USD) | C6: 96 | E6: INR FOR 1 USD | G6: USD /M3 OF SEWAGE TREATMENT PLANT FEED
B7: FLOW | C7: USD /M3 OF STP FEED
B8: MEMBRANE REPLACEMENT COST | C8: WHICH INCLUDES CERAMIC MBR MODULES | F8: =2.25/C6 -> 0.0234375 | G8: =F12+E15+F8 -> 0.0234375
B9: KINDLY PROVIDE THE VALUE IN GREEN CELL
B11: CHEMICAL CONSUMPTION | C11: Kg/Day | D11: PRICE (USD) / KG | E11: USD / Day | F11: USD /M3 OF STP FEED
B12: SODIUM HYPOCHLORITE -12.5% | C12: 2.47 | E12: =C12*D12 -> 0 | F12: =SUM(E12:E13)/C3 -> 0
B13: CITRIC ACID (100% BASIS) | C13: 1.52 | E13: =C13*D13 -> 0
B14: ELECTRIC LOAD COST | C14: kW /M3 | D14: USD / kW | E14: USD /M3 OF STP FEED
B15: Energy Cost (kW /M3) | C15: 0.23 | E15: =C15*D15 -> 0
B18: LOAD | C18: kW
B19: INSTALLED LOAD | C19: 10
B20: ABSORBED LOAD | C20: 6
B22: VARIABLE COST | C22: MBR FEED DOSING BASED ON SITE OPERATIONAL CHARACTERISTICS
B23: CHEMICAL CONSUMPTION | C23: Kg/Day | D23: PRICE (USD) / KG | E23: USD / Day | F23: USD /M3 OF STP FEED
B24: POLY ALUMINIUM CHLORIDE (PAC) - 30% | C24: 40 | E24: =C24*D24 -> 0 | F24: =SUM(E24:E25)/C3 -> 0
B25: SODIUM HYPOCHLORITE - 12.5% | C25: 24 | E25: =C25*D25 -> 0
B27: Notes: 1. Chemical cost doesn’t include Acid consumption for Neutralization as the pH will vary at STP inlet from time to time.
B28: Operating cost doesn’t include the following:
B29: Chemical cost doesn't include Influent transfer until Proposed System, Permeate & Reject transfer, Evaporator system, Major Repair & Maintenance, Compressed air & Raw water for complete plant, Transport, Taxes & Duties for Chemical & Replacement cost, Cost for Loaders, Cleaners, Vehicles & its consumables, Manpower Cost.
D61: chemical | E61: =F12 -> 0
D63: energy | E63: =E15 -> 0
D65: variable | E65: =F24 -> 0

Sheet PHASE-3(ADD-ON)
B2: RUNNING COST SUMMARY (ADDITIONAL DURING PHASE-3)
B3: PLANT FEED FLOW | C3: ='PHASE-1'!C3 -> 300 | D3: M³/DAY | E3: ='PHASE-1'!E3 -> WTT-BAN-0001 | F3: ='PHASE-2(ADD-ON)'!F3 -> 46023 | G3: PRICE IN USD
B5: SEWAGE TREATMENT PLANT
B6: USD CONVERSION FACTOR (INR PER USD) | C6: 96 | E6: INR FOR 1 USD | G6: USD /M3 OF SEWAGE TREATMENT PLANT FEED
B7: FLOW | C7: USD /M3 OF STP FEED
B8: MEMBRANE REPLACEMENT COST | C8: WHICH INCLUDES RO MEMBRANES | F8: =2.8/C6 -> 0.029166667
B9: CONSUMBLES COST | C9: WHICH INCLUDES RO PREFILTER & CIP PREFILTER | F9: =0.96/C6 -> 0.01 | G9: =F8+F13+E19+F9 -> 0.039166667
B10: KINDLY PROVIDE THE VALUE IN GREEN CELL
B12: CHEMICAL CONSUMPTION | C12: Kg/Day | D12: PRICE (USD) / KG | E12: USD / Day | F12: USD /M3 OF STP FEED
B13: SULPHURIC ACID-98% | C13: 36 | E13: =C13*D13 -> 0 | F13: =SUM(E13:E17)/C3 -> 0
B14: BIOCIDE (100% BASIS) | C14: 0.9 | E14: =C14*D14 -> 0
B15: WTTCHEM-C101 | C15: 1.5 | E15: =C15*D15 -> 0
B16: CAUSTIC LYE-47% | C16: 1 | E16: =C16*D16 -> 0
B17: CITRIC ACID (100% BASIS) | C17: 1.5 | E17: =C17*D17 -> 0
B18: ELECTRIC LOAD COST | C18: kW /M3 | D18: USD / kW | E18: USD /M3 OF STP FEED
B19: Energy Cost (kW /M3) | C19: 1.1 | E19: =C19*D19 -> 0
B22: LOAD | C22: kW
B23: INSTALLED LOAD | C23: 29
B24: ABSORBED LOAD | C24: 22
B26: Notes: 1. Chemical cost doesn’t include Acid consumption for Neutralization as the pH will vary at STP inlet from time to time.
B27: Operating cost doesn’t include the following:
B28: Chemical cost doesn't include Influent transfer until Proposed System, Permeate & Reject transfer, Evaporator system, Major Repair & Maintenance, Compressed air & Raw water for complete plant, Transport, Taxes & Duties for Chemical & Replacement cost, Cost for Loaders, Cleaners, Vehicles & its consumables, Manpower Cost.
D56: chemical | E56: =F13 -> 0
D58: energy | E58: =E19 -> 0
